variable,group,n_agree,n_total,prop
store_ease,overall,1077,1201,.8967527060782681
store_ease,control,273,300,.91
store_ease,climate,267,301,.8870431893687708
store_ease,health,266,300,.8866666666666667
store_ease,combined,271,300,.9033333333333333
likelyshopagain,overall,1070,1201,.890924229808493
likelyshopagain,control,265,300,.8833333333333333
likelyshopagain,climate,269,301,.893687707641196
likelyshopagain,health,271,300,.9033333333333333
likelyshopagain,combined,265,300,.8833333333333333
wouldsimilar,overall,1133,1201,.9433805162364696
wouldsimilar,control,283,300,.9433333333333334
wouldsimilar,climate,282,301,.9368770764119602
wouldsimilar,health,291,300,.97
wouldsimilar,combined,277,300,.9233333333333333
similarusual,overall,1117,1201,.9300582847626978
similarusual,control,288,300,.96
similarusual,climate,279,301,.9269102990033222
similarusual,health,279,300,.93
similarusual,combined,271,300,.9033333333333333
realstore,overall,1093,1201,.9100749375520399
realstore,control,275,300,.9166666666666666
realstore,climate,273,301,.9069767441860465
realstore,health,275,300,.9166666666666666
realstore,combined,270,300,.9
